{
  "request_throughput": {
    "unit": "requests/sec",
    "avg": 29.5645324028892
  },
  "request_latency": {
    "unit": "ms",
    "avg": 1689.3139840339998,
    "p1": 1617.4945673399998,
    "p5": 1655.34484115,
    "p10": 1676.496299,
    "p25": 1683.407974,
    "p50": 1687.4985245,
    "p75": 1693.5020889999998,
    "p90": 1706.6463199999998,
    "p95": 1729.7266535499998,
    "p99": 1736.7313447499994,
    "min": 1617.3446239999998,
    "max": 1788.8723169999998,
    "std": 20.540067242016725
  },
  "request_count": {
    "unit": "count",
    "avg": 500.0
  },
  "time_to_first_token": {
    "unit": "ms",
    "avg": 378.09488759399994,
    "p1": 56.356160509999995,
    "p5": 80.8850777,
    "p10": 149.7228193,
    "p25": 266.44716,
    "p50": 425.3483915,
    "p75": 515.3367177499999,
    "p90": 552.2824284999999,
    "p95": 562.94028245,
    "p99": 595.4814727099999,
    "min": 33.670999,
    "max": 609.965336,
    "std": 148.59647888507254
  },
  "time_to_second_token": {
    "unit": "ms",
    "avg": 120.92698934999999,
    "p1": 0.0036846199999999996,
    "p5": 0.0049001,
    "p10": 6.667947,
    "p25": 9.2597155,
    "p50": 122.68203749999999,
    "p75": 200.19923674999998,
    "p90": 200.83611580000002,
    "p95": 201.5942699,
    "p99": 205.39826025999713,
    "min": 0.001625,
    "max": 518.280995,
    "std": 88.65350473852625
  },
  "inter_token_latency": {
    "unit": "ms",
    "avg": 8.583383616,
    "p1": 6.80814744,
    "p5": 7.1900457499999995,
    "p10": 7.432334599999999,
    "p25": 7.80972975,
    "p50": 8.3921745,
    "p75": 9.30736325,
    "p90": 9.9938793,
    "p95": 10.47955355,
    "p99": 11.047845229999998,
    "min": 6.588267,
    "max": 11.840103,
    "std": 1.0001623204339107
  },
  "output_token_throughput": {
    "unit": "tokens/sec",
    "avg": 4552.642344720908
  },
  "output_token_throughput_per_user": {
    "unit": "tokens/sec/user",
    "avg": 118.04240773838342,
    "p1": 90.51555849615805,
    "p5": 95.42391241857942,
    "p10": 100.06125838740952,
    "p25": 107.44181512625735,
    "p50": 119.15863409158449,
    "p75": 128.04542903727804,
    "p90": 134.5472255914047,
    "p95": 139.0812170176426,
    "p99": 146.88294242932602,
    "min": 84.45872472562105,
    "max": 151.78498382047965,
    "std": 13.322919765101188
  },
  "output_sequence_length": {
    "unit": "tokens",
    "avg": 153.99,
    "p1": 141.0,
    "p5": 144.0,
    "p10": 146.0,
    "p25": 149.0,
    "p50": 154.0,
    "p75": 158.0,
    "p90": 163.0,
    "p95": 166.04999999999995,
    "p99": 172.0,
    "min": 137.0,
    "max": 178.0,
    "std": 6.670674628551447
  },
  "input_sequence_length": {
    "unit": "tokens",
    "avg": 512.07,
    "p1": 512.0,
    "p5": 512.0,
    "p10": 512.0,
    "p25": 512.0,
    "p50": 512.0,
    "p75": 512.0,
    "p90": 512.0,
    "p95": 513.0,
    "p99": 513.0,
    "min": 512.0,
    "max": 513.0,
    "std": 0.25514701644346144
  },
  "input_config": {
    "model_names": [
      "meta/llama-3.1-8b-instruct"
    ],
    "subcommand": "profile",
    "verbose": false,
    "template_filename": "genai_perf_config.yaml",
    "analyze": {
      "sweep_parameters": {
        "concurrency": {
          "min": 1,
          "max": 1024
        }
      }
    },
    "endpoint": {
      "model_selection_strategy": "round_robin",
      "backend": "tensorrtllm",
      "custom": "v1/chat/completions",
      "type": "chat",
      "streaming": true,
      "server_metrics_urls": [
        "http://localhost:9400/metrics"
      ],
      "url": "nim-llama-3.1-8b-instruct:8000",
      "grpc_method": "",
      "service_kind": "openai",
      "output_format": "openai_chat_completions"
    },
    "perf_analyzer": {
      "path": "perf_analyzer",
      "verbose": false,
      "stimulus": {
        "concurrency": 50
      },
      "stability_percentage": 999,
      "measurement": {
        "mode": "request_count",
        "num": 500
      },
      "warmup_request_count": 50
    },
    "input": {
      "batch_size": 1,
      "extra": {
        "max_tokens": 128,
        "min_tokens": 128,
        "ignore_eos": true
      },
      "goodput": "",
      "header": "",
      "file": "",
      "num_dataset_entries": 100,
      "random_seed": 0,
      "audio": {
        "batch_size": 1,
        "length": {
          "mean": 0,
          "stddev": 0
        },
        "format": "wav",
        "depths": [
          16
        ],
        "sample_rates": [
          16
        ],
        "num_channels": 1
      },
      "image": {
        "width": {
          "mean": 0,
          "stddev": 0
        },
        "height": {
          "mean": 0,
          "stddev": 0
        },
        "batch_size": 1,
        "format": "png"
      },
      "output_tokens": {
        "mean": 128,
        "deterministic": false,
        "stddev": 0
      },
      "synthetic_tokens": {
        "mean": 512,
        "stddev": 0
      },
      "prefix_prompt": {
        "num": 0,
        "length": 100
      },
      "sessions": {
        "num": 0,
        "turns": {
          "mean": 1,
          "stddev": 0
        },
        "turn_delay": {
          "mean": 0,
          "ratio": 1.0,
          "stddev": 0
        }
      },
      "prompt_source": "synthetic",
      "synthetic_files": [],
      "payload_file": ""
    },
    "output": {
      "artifact_directory": "/tmp/genai-perf-artifacts/model-meta-llama-3.1-8b-instruct/profile-tensorrt_llm-trtllm_buildable-bf16-tp4-pp1/2025-09-09_18.27.06/concurrency-50",
      "checkpoint_directory": "checkpoint",
      "profile_export_file": "512_128.json",
      "generate_plots": true,
      "enable_checkpointing": false
    },
    "tokenizer": {
      "name": "hf-internal-testing/llama-tokenizer",
      "revision": "main",
      "trust_remote_code": false,
      "_enable_debug_logging": true
    },
    "process": {
      "input_path": "aggregated"
    }
  }
}