{
  "request_throughput": {
    "unit": "requests/sec",
    "avg": 1.028757284026962
  },
  "request_latency": {
    "unit": "ms",
    "avg": 971.7404277,
    "p1": 965.67664882,
    "p5": 966.5750641,
    "p10": 967.6980832,
    "p25": 970.9366427499999,
    "p50": 972.71363,
    "p75": 973.52799625,
    "p90": 973.9828745,
    "p95": 974.90415275,
    "p99": 975.64117535,
    "min": 965.452045,
    "max": 975.825431,
    "std": 2.896261710993088
  },
  "request_count": {
    "unit": "count",
    "avg": 10.0
  },
  "time_to_first_token": {
    "unit": "ms",
    "avg": 19.0144466,
    "p1": 17.57839237,
    "p5": 17.69564185,
    "p10": 17.8422037,
    "p25": 18.119851999999998,
    "p50": 18.966072999999998,
    "p75": 19.703307249999998,
    "p90": 20.2189546,
    "p95": 20.6155648,
    "p99": 20.932852959999998,
    "min": 17.54908,
    "max": 21.012175,
    "std": 1.0404372625158327
  },
  "time_to_second_token": {
    "unit": "ms",
    "avg": 4.5527241,
    "p1": 4.14271909,
    "p5": 4.18264345,
    "p10": 4.2325489,
    "p25": 4.39321425,
    "p50": 4.581494,
    "p75": 4.6979925,
    "p90": 4.8697487,
    "p95": 4.892229349999999,
    "p99": 4.91021387,
    "min": 4.132738,
    "max": 4.9147099999999995,
    "std": 0.2415385919506239
  },
  "inter_token_latency": {
    "unit": "ms",
    "avg": 4.0411318,
    "p1": 3.90847706,
    "p5": 3.9166612999999995,
    "p10": 3.9268916,
    "p25": 3.953541,
    "p50": 4.017811,
    "p75": 4.1404035,
    "p90": 4.1669342,
    "p95": 4.1758496,
    "p99": 4.18298192,
    "min": 3.906431,
    "max": 4.184765,
    "std": 0.09866516240882593
  },
  "output_token_throughput": {
    "unit": "tokens/sec",
    "avg": 243.7126005859873
  },
  "output_token_throughput_per_user": {
    "unit": "tokens/sec/user",
    "avg": 247.6025213810629,
    "p1": 239.06434776510758,
    "p5": 239.47356097086742,
    "p10": 239.98507747806724,
    "p25": 241.52745685433405,
    "p50": 248.895605574831,
    "p75": 252.94499691175758,
    "p90": 254.6551146195546,
    "p95": 255.32162657658375,
    "p99": 255.85483614220706,
    "min": 238.9620444636676,
    "max": 255.9881385336129,
    "std": 6.025513648271775
  },
  "output_sequence_length": {
    "unit": "tokens",
    "avg": 236.9,
    "p1": 228.18,
    "p5": 228.9,
    "p10": 229.8,
    "p25": 231.5,
    "p50": 237.5,
    "p75": 242.25,
    "p90": 244.1,
    "p95": 244.55,
    "p99": 244.91,
    "min": 228.0,
    "max": 245.0,
    "std": 5.8728187440104085
  },
  "input_sequence_length": {
    "unit": "tokens",
    "avg": 200.1,
    "p1": 200.0,
    "p5": 200.0,
    "p10": 200.0,
    "p25": 200.0,
    "p50": 200.0,
    "p75": 200.0,
    "p90": 200.1,
    "p95": 200.55,
    "p99": 200.91,
    "min": 200.0,
    "max": 201.0,
    "std": 0.30000000000000004
  },
  "input_config": {
    "model_names": [
      "meta/llama-3.1-8b-instruct"
    ],
    "subcommand": "profile",
    "verbose": false,
    "template_filename": "genai_perf_config.yaml",
    "analyze": {
      "sweep_parameters": {
        "concurrency": {
          "min": 1,
          "max": 1024
        }
      }
    },
    "endpoint": {
      "model_selection_strategy": "round_robin",
      "backend": "tensorrtllm",
      "custom": "v1/chat/completions",
      "type": "chat",
      "streaming": true,
      "server_metrics_urls": [
        "http://localhost:9400/metrics"
      ],
      "url": "nim-llama-3.1-8b-instruct:8000",
      "grpc_method": "",
      "service_kind": "openai",
      "output_format": "openai_chat_completions"
    },
    "perf_analyzer": {
      "path": "perf_analyzer",
      "verbose": false,
      "stimulus": {
        "concurrency": 1
      },
      "stability_percentage": 999,
      "measurement": {
        "mode": "request_count",
        "num": 10
      },
      "warmup_request_count": 1
    },
    "input": {
      "batch_size": 1,
      "extra": {
        "max_tokens": 200,
        "min_tokens": 200,
        "ignore_eos": true
      },
      "goodput": "",
      "header": "",
      "file": "",
      "num_dataset_entries": 100,
      "random_seed": 0,
      "audio": {
        "batch_size": 1,
        "length": {
          "mean": 0,
          "stddev": 0
        },
        "format": "wav",
        "depths": [
          16
        ],
        "sample_rates": [
          16
        ],
        "num_channels": 1
      },
      "image": {
        "width": {
          "mean": 0,
          "stddev": 0
        },
        "height": {
          "mean": 0,
          "stddev": 0
        },
        "batch_size": 1,
        "format": "png"
      },
      "output_tokens": {
        "mean": 200,
        "deterministic": false,
        "stddev": 0
      },
      "synthetic_tokens": {
        "mean": 200,
        "stddev": 0
      },
      "prefix_prompt": {
        "num": 0,
        "length": 100
      },
      "sessions": {
        "num": 0,
        "turns": {
          "mean": 1,
          "stddev": 0
        },
        "turn_delay": {
          "mean": 0,
          "ratio": 1.0,
          "stddev": 0
        }
      },
      "prompt_source": "synthetic",
      "synthetic_files": [],
      "payload_file": ""
    },
    "output": {
      "artifact_directory": "/tmp/genai-perf-artifacts/model-meta-llama-3.1-8b-instruct/profile-tensorrt_llm-trtllm_buildable-bf16-tp4-pp1/2025-09-09_18.27.06/concurrency-1",
      "checkpoint_directory": "checkpoint",
      "profile_export_file": "200_200.json",
      "generate_plots": true,
      "enable_checkpointing": false
    },
    "tokenizer": {
      "name": "hf-internal-testing/llama-tokenizer",
      "revision": "main",
      "trust_remote_code": false,
      "_enable_debug_logging": true
    },
    "process": {
      "input_path": "aggregated"
    }
  }
}