{
  "request_throughput": {
    "unit": "requests/sec",
    "avg": 1.5531347199480723
  },
  "request_latency": {
    "unit": "ms",
    "avg": 643.4193011,
    "p1": 638.3026742000001,
    "p5": 638.898251,
    "p10": 639.6427219999999,
    "p25": 640.8088007499999,
    "p50": 642.3268105,
    "p75": 645.59832825,
    "p90": 646.8338082,
    "p95": 649.6548186,
    "p99": 651.9116269199999,
    "min": 638.15378,
    "max": 652.475829,
    "std": 3.9433849031018124
  },
  "request_count": {
    "unit": "count",
    "avg": 10.0
  },
  "time_to_first_token": {
    "unit": "ms",
    "avg": 24.7239071,
    "p1": 23.30518591,
    "p5": 23.39057755,
    "p10": 23.4973171,
    "p25": 23.61707625,
    "p50": 24.2229515,
    "p75": 24.49136425,
    "p90": 25.350313099999997,
    "p95": 28.162669549999993,
    "p99": 30.41255471,
    "min": 23.283838,
    "max": 30.975026,
    "std": 2.135842130067035
  },
  "time_to_second_token": {
    "unit": "ms",
    "avg": 4.7642052999999995,
    "p1": 4.70644816,
    "p5": 4.7114248,
    "p10": 4.717645599999999,
    "p25": 4.75371425,
    "p50": 4.768859,
    "p75": 4.78380725,
    "p90": 4.7969799,
    "p95": 4.80391395,
    "p99": 4.80946119,
    "min": 4.705204,
    "max": 4.810848,
    "std": 0.031290014519172085
  },
  "inter_token_latency": {
    "unit": "ms",
    "avg": 4.0622022,
    "p1": 3.8094736099999995,
    "p5": 3.8318760499999995,
    "p10": 3.8598791,
    "p25": 3.88626075,
    "p50": 4.008138,
    "p75": 4.203282,
    "p90": 4.286159799999999,
    "p95": 4.411330899999999,
    "p99": 4.51146778,
    "min": 3.803873,
    "max": 4.536502,
    "std": 0.2162309883785393
  },
  "output_token_throughput": {
    "unit": "tokens/sec",
    "avg": 238.71680645601873
  },
  "output_token_throughput_per_user": {
    "unit": "tokens/sec/user",
    "avg": 246.8438465644785,
    "p1": 221.7300604671152,
    "p5": 226.91366913228424,
    "p10": 233.39317996374555,
    "p25": 237.9270748350701,
    "p50": 249.49248389033482,
    "p75": 257.3169143053558,
    "p90": 259.0816118917793,
    "p95": 260.9857832098519,
    "p99": 262.50912026431,
    "min": 220.43415830082296,
    "max": 262.88995452792454,
    "std": 12.641843392796648
  },
  "output_sequence_length": {
    "unit": "tokens",
    "avg": 153.7,
    "p1": 138.81,
    "p5": 142.05,
    "p10": 146.1,
    "p25": 148.5,
    "p50": 155.5,
    "p75": 159.75,
    "p90": 161.2,
    "p95": 162.1,
    "p99": 162.82,
    "min": 138.0,
    "max": 163.0,
    "std": 7.430343195303969
  },
  "input_sequence_length": {
    "unit": "tokens",
    "avg": 512.1,
    "p1": 512.0,
    "p5": 512.0,
    "p10": 512.0,
    "p25": 512.0,
    "p50": 512.0,
    "p75": 512.0,
    "p90": 512.1,
    "p95": 512.55,
    "p99": 512.91,
    "min": 512.0,
    "max": 513.0,
    "std": 0.30000000000000004
  },
  "input_config": {
    "model_names": [
      "meta/llama-3.1-8b-instruct"
    ],
    "subcommand": "profile",
    "verbose": false,
    "template_filename": "genai_perf_config.yaml",
    "analyze": {
      "sweep_parameters": {
        "concurrency": {
          "min": 1,
          "max": 1024
        }
      }
    },
    "endpoint": {
      "model_selection_strategy": "round_robin",
      "backend": "tensorrtllm",
      "custom": "v1/chat/completions",
      "type": "chat",
      "streaming": true,
      "server_metrics_urls": [
        "http://localhost:9400/metrics"
      ],
      "url": "nim-llama-3.1-8b-instruct:8000",
      "grpc_method": "",
      "service_kind": "openai",
      "output_format": "openai_chat_completions"
    },
    "perf_analyzer": {
      "path": "perf_analyzer",
      "verbose": false,
      "stimulus": {
        "concurrency": 1
      },
      "stability_percentage": 999,
      "measurement": {
        "mode": "request_count",
        "num": 10
      },
      "warmup_request_count": 1
    },
    "input": {
      "batch_size": 1,
      "extra": {
        "max_tokens": 128,
        "min_tokens": 128,
        "ignore_eos": true
      },
      "goodput": "",
      "header": "",
      "file": "",
      "num_dataset_entries": 100,
      "random_seed": 0,
      "audio": {
        "batch_size": 1,
        "length": {
          "mean": 0,
          "stddev": 0
        },
        "format": "wav",
        "depths": [
          16
        ],
        "sample_rates": [
          16
        ],
        "num_channels": 1
      },
      "image": {
        "width": {
          "mean": 0,
          "stddev": 0
        },
        "height": {
          "mean": 0,
          "stddev": 0
        },
        "batch_size": 1,
        "format": "png"
      },
      "output_tokens": {
        "mean": 128,
        "deterministic": false,
        "stddev": 0
      },
      "synthetic_tokens": {
        "mean": 512,
        "stddev": 0
      },
      "prefix_prompt": {
        "num": 0,
        "length": 100
      },
      "sessions": {
        "num": 0,
        "turns": {
          "mean": 1,
          "stddev": 0
        },
        "turn_delay": {
          "mean": 0,
          "ratio": 1.0,
          "stddev": 0
        }
      },
      "prompt_source": "synthetic",
      "synthetic_files": [],
      "payload_file": ""
    },
    "output": {
      "artifact_directory": "/tmp/genai-perf-artifacts/model-meta-llama-3.1-8b-instruct/profile-tensorrt_llm-trtllm_buildable-bf16-tp4-pp1/2025-09-09_18.27.06/concurrency-1",
      "checkpoint_directory": "checkpoint",
      "profile_export_file": "512_128.json",
      "generate_plots": true,
      "enable_checkpointing": false
    },
    "tokenizer": {
      "name": "hf-internal-testing/llama-tokenizer",
      "revision": "main",
      "trust_remote_code": false,
      "_enable_debug_logging": true
    },
    "process": {
      "input_path": "aggregated"
    }
  }
}